{
  "nodeLayouts": {
    "inputs": {
      "x": 67.5,
      "y": 62,
      "index": -1
    },
    "outputs": {
      "x": 249.7733911571253,
      "y": 640.4265270660761,
      "index": -1
    },
    "replace_references_str": {
      "x": -15.95269775390625,
      "y": 172.99827575683594,
      "index": 0
    },
    "summary_prompt": {
      "x": -22.7235107421875,
      "y": 282.56427001953125,
      "index": 1
    },
    "gemini_summary_llm": {
      "x": -8.336613493726844,
      "y": 376.4449217233547,
      "index": 2
    },
    "reference_usefulness_prompt": {
      "x": -134.50521122501863,
      "y": 636.1528018145125,
      "index": -1
    },
    "gemini_reference_usefulness_llm": {
      "x": -244.05468139344492,
      "y": 587.5828876440086,
      "index": -1
    },
    "combine_output": {
      "x": -246.35595920864574,
      "y": 719.7998975615972,
      "index": -1
    },
    "create_faiss_index": {
      "x": 275.78997802734375,
      "y": 163.71005249023438,
      "index": 3
    },
    "find_context": {
      "x": 291.1986693917757,
      "y": 393.62893015935026,
      "index": 4
    }
  },
  "orientation": "Vertical"
}