{
  "nodeLayouts": {
    "inputs": {
      "x": 67.5,
      "y": 62,
      "index": -1
    },
    "outputs": {
      "x": 249.7733911571253,
      "y": 640.4265270660761,
      "index": -1
    },
    "replace_references_str": {
      "x": 67.5,
      "y": 172,
      "index": 0
    },
    "summary_prompt": {
      "x": 53.28558349609375,
      "y": 281.6528015136719,
      "index": 1
    },
    "gemini_summary_llm": {
      "x": 70.33098904533566,
      "y": 398.27652572726095,
      "index": 2
    },
    "reference_usefulness_prompt": {
      "x": -134.50521122501863,
      "y": 636.1528018145125,
      "index": -1
    },
    "gemini_reference_usefulness_llm": {
      "x": -244.05468139344492,
      "y": 587.5828876440086,
      "index": -1
    },
    "combine_output": {
      "x": -246.35595920864574,
      "y": 719.7998975615972,
      "index": -1
    },
    "create_faiss_index": {
      "x": 318.5633544921875,
      "y": 175.72177124023438,
      "index": 3
    },
    "find_context": {
      "x": 345.0940551339632,
      "y": 476.8862848956784,
      "index": 4
    }
  },
  "orientation": "Vertical"
}